player_id,i_id,Player
100,11227,Jared Goff
266,11227,Trevor Davis
342,11227,Daniel Lasco
348,11227,Kenny Lawler
447,11227,Davis Webb
502,11227,Chad Hansen
605,11227,Khalfani Muhammad
848,11227,Devante Downs
855,11227,James Looney
1209,11227,Ashtyn Davis
1276,11227,Jaylinn Hawkins
1346,11227,Evan Weaver
101,11501,Carson Wentz
258,11501,Joe Haeg
1049,11501,Easton Stick
1399,11501,Derrek Tuszka
102,7977,Joey Bosa
103,7977,Ezekiel Elliott
109,7977,Eli Apple
115,7977,Taylor Decker
119,7977,Darron Lee
147,7977,Michael Thomas
161,7977,Vonn Bell
181,7977,Adolphus Washington
186,7977,Braxton Miller
195,7977,Nick Vannett
204,7977,Joshua Perry
241,7977,Cardale Jones
369,7977,Marshon Lattimore
373,7977,Malik Hooker
382,7977,Gareon Conley
399,7977,Curtis Samuel
413,7977,Raekwon McMillan
430,7977,Pat Elflein
603,7977,Noah Brown
621,7977,Denzel Ward
638,7977,Billy Price
682,7977,Tyquan Lewis
692,7977,Jerome Baker
696,7977,Sam Hubbard
722,7977,Jalyn Holmes
789,7977,Jamarco Jones
881,7977,Nick Bosa
894,7977,Dwayne Haskins
939,7977,Parris Campbell
952,7977,Dre'Mont Jones
957,7977,Terry McLaurin
993,7977,Kendall Sheffield
1018,7977,Michael Jordan
1086,7977,Isaiah Prince
1103,7977,Mike Weber
1141,7977,Chase Young
1142,7977,Jeff Okudah
1158,7977,Damon Arnette
1195,7977,J.K. Dobbins
1214,7977,DaVon Hamilton
1216,7977,Jonah Jackson
1239,7977,Malik Harrison
1343,7977,Jordan Fuller
1365,7977,K.J. Hill
1380,7977,Jashon Cornell
104,4033,Jalen Ramsey
110,4033,Vernon Hargreaves III
116,4033,Keanu Neal
159,4033,Roberto Aguayo
173,4033,Jonathan Bullard
227,4033,Antonio Morrison
228,4033,Demarcus Robinson
315,4033,Kelvin Taylor
345,4033,Alex McCalister
379,4033,Jarrad Davis
398,4033,Marcus Maye
400,4033,Dalvin Cook
405,4033,Quincy Wilson
410,4033,DeMarcus Walker
412,4033,Teez Tabor
436,4033,Alex Anzalone
490,4033,David Sharpe
522,4033,Roderick Johnson
548,4033,Caleb Brantley
579,4033,Marquez White
592,4033,Joey Ivie
634,4033,Derwin James
646,4033,Taven Bryan
674,4033,Duke Dawson
694,4033,Derrick Nnadi
725,4033,Antonio Callaway
747,4033,Rick Leonard
750,4033,Josh Sweat
794,4033,Johnny Townsend
806,4033,Marcell Harris
873,4033,Ryan Izzo
876,4033,Auden Tate
895,4033,Brian Burns
915,4033,Jawaan Taylor
949,4033,Jachai Polite
987,4033,Chauncey Gardner-Johnson
1030,4033,Vosean Joseph
1037,4033,Jordan Scarlett
1093,4033,Demarcus Christmas
1148,4033,C.J. Henderson
1192,4033,Cam Akers
1197,4033,Van Jefferson
1220,4033,Jabari Zuniga
1231,4033,Jonathan Greenard
1262,4033,La'Mical Perine
1358,4033,Freddie Swain
1397,4033,Tyrie Cleveland
105,11511,Ronnie Stanley
120,11511,Will Fuller
134,11511,Jaylon Smith
150,11511,Nick Martin
175,11511,KeiVarae Russell
191,11511,C.J. Prosise
205,11511,Sheldon Day
411,11511,DeShone Kizer
589,11511,Isaac Rochell
623,11511,Quenton Nelson
626,11511,Mike McGlinchey
743,11511,Durham Smythe
829,11511,Equanimeous St. Brown
907,11511,Jerry Tillery
974,11511,Miles Boykin
990,11511,Julian Love
1012,11511,Drue Tranquill
1078,11511,Dexter Williams
1116,11511,Aliz√© Mack
1183,11511,Cole Kmet
1189,11511,Chase Claypool
1208,11511,Julian Okwara
1255,11511,Troy Pride Jr.
1290,11511,Khalid Kareem
1330,11511,Alohi Gilman
106,11519,DeForest Buckner
356,11519,Joe Walker
690,11519,Royce Freeman
774,11519,Tyrell Crosby
1014,11519,Ugo Amadi
1039,11519,Justin Hollins
1124,11519,Dillon Mitchell
1126,11519,Jalen Jelks
1145,11519,Justin Herbert
1274,11519,Troy Dye
1293,11519,Shane Lemieux
1352,11519,Jake Hanson
107,6916,Jack Conklin
176,6916,Shilique Calhoun
202,6916,Connor Cook
317,6916,Aaron Burbridge
329,6916,Donavon Clark
394,6916,Malik McDowell
484,6916,Montae Nicholson
731,6916,Brian Allen
964,6916,Justin Layne
991,6916,Khari Willis
1279,6916,Josiah Scott
1370,6916,Kenny Willekes
108,11320,Leonard Floyd
184,11320,Jordan Jenkins
214,11320,Malcolm Mitchell
248,11320,John Theus
347,11320,Keith Marshall
534,11320,Isaiah McKenzie
625,11320,Roquan Smith
640,11320,Isaiah Wynn
648,11320,Sony Michel
653,11320,Nick Chubb
685,11320,Lorenzo Carter
847,11320,Javon Wims
909,11320,Deandre Baker
936,11320,Mecole Hardman
1008,11320,Riley Ridley
1051,11320,D'Andre Walker
1063,11320,Lamont Gaillard
1109,11320,Isaac Nauta
1122,11320,Terry Godwin
1143,11320,Andrew Thomas
1168,11320,Isaiah Wilson
1175,11320,D'Andre Swift
1253,11320,Solomon Kindley
1310,11320,Jake Fromm
1334,11320,Charlie Woerner
1400,11320,Tae Crowder
111,11404,Sheldon Rankins
576,11404,Colin Holba
594,11404,Josh Harvey-Clemons
635,11404,Jaire Alexander
649,11404,Lamar Jackson
693,11404,Geron Christian
827,11404,Trevon Young
1150,11404,Mekhi Becton
112,11450,Laremy Tunsil
122,11450,Laquon Treadwell
128,11450,Robert Nkemdiche
277,11450,Fahn Cooper
303,11450,Cody Core
381,11450,Evan Engram
561,11450,D.J. Jones
567,11450,Derrick Jones
617,11450,Chad Kelly
664,11450,Breeland Speaks
756,11450,Marquis Haynes
790,11450,Jordan Wilkins
875,11450,Rod Taylor
917,11450,Greg Little
931,11450,A.J. Brown
944,11450,D.K. Metcalf
977,11450,Dawson Knox
1131,11450,Javon Patterson
1137,11450,Ken Webster
113,12284,Karl Joseph
178,12284,Daryl Worley
215,12284,Nick Kwiatkoski
256,12284,Wendell Smallwood
262,12284,K.J. Dillon
459,12284,Rasul Douglas
528,12284,Shelton Gibson
739,12284,Kyzir White
981,12284,Will Grier
982,12284,Yodny Cajuste
1002,12284,Gary Jennings Jr
1003,12284,Trevon Wesco
1072,12284,David Long
1295,12284,Kenny Robinson Jr.
1296,12284,Colton McKivitz
114,1228,Corey Coleman
138,1228,Xavien Howard
224,1228,Andrew Billings
271,1228,Spencer Drango
314,1228,Jimmy Landes
321,1228,Rico Gathers
607,1228,Kyle Fuller
948,1228,Jalen Hurd
1199,1228,Denzel Mims
1272,1228,James Lynch
1328,1228,Bravvion Roy
1379,1228,Clay Johnston
117,10771,Ryan Kelly
141,10771,Reggie Ragland
145,10771,Derrick Henry
146,10771,A'Shawn Robinson
149,10771,Jarran Reed
160,10771,Cyrus Jones
174,10771,Kenyan Drake
374,10771,Marlon Humphrey
375,10771,Jonathan Allen
377,10771,O.J. Howard
389,10771,Reuben Foster
393,10771,Cam Robinson
408,10771,Ryan Anderson
414,10771,Dalvin Tomlinson
438,10771,Tim Williams
439,10771,ArDarius Stewart
473,10771,Eddie Jackson
628,10771,Minkah Fitzpatrick
630,10771,Daron Payne
639,10771,Rashaan Evans
643,10771,Calvin Ridley
712,10771,Ronnie Harrison
734,10771,Da'Shawn Hand
738,10771,Anthony Averett
793,10771,JK Scott
819,10771,Shaun Dion Hamilton
837,10771,Bradley Bozeman
859,10771,Bo Scarbrough
869,10771,Joshua Frazier
882,10771,Quinnen Williams
890,10771,Jonah Williams
903,10771,Josh Jacobs
930,10771,Irv Smith Jr.
968,10771,Damien Harris
997,10771,Christian Miller
1022,10771,Deionte Thompson
1036,10771,Ross Pierschbacher
1038,10771,Mack Wilson
1076,10771,Isaiah Buggs
1144,10771,Tua Tagovailoa
1149,10771,Jedrick Wills Jr.
1151,10771,Henry Ruggs III
1154,10771,Jerry Jeudy
1176,10771,Xavier McKinney
1191,10771,Trevon Diggs
1196,10771,Raekwon Davis
1225,10771,Terrell Lewis
1228,10771,Anfernee Jennings
118,2527,Shaq Lawson
133,2527,Kevin Dodd
154,2527,Mackensie Alexander
157,2527,T.J. Green
211,2527,B.J. Goodson
269,2527,D.J. Reader
346,2527,Charone Peake
349,2527,Jayron Kearse
352,2527,Zac Brooks
365,2527,Mike Williams
370,2527,Deshaun Watson
457,2527,Cordrea Tankersley
501,2527,Wayne Gallman
503,2527,Carlos Watkins
512,2527,Jordan Leggett
719,2527,Dorian O'Daniel
807,2527,Deon Cain
809,2527,Ray-Ray McCloud
883,2527,Clelin Ferrell
892,2527,Christian Wilkins
896,2527,Dexter Lawrence
920,2527,Trayvon Mullen
999,2527,Austin Bryant
1032,2527,Hunter Renfrow
1147,2527,Isaiah Simmons
1155,2527,AJ Terrell
1173,2527,Tee Higgins
1241,2527,Tanner Muse
1251,2527,John Simpson
1269,2527,K'Von Wallace
1395,2527,Tremayne Anchrum
121,10559,Josh Doctson
231,10559,Derrick Kindred
267,10559,Halapoulivaati Vaitai
296,10559,Kolby Listenbee
319,10559,Joey Hunt
591,10559,Josh Carraway
708,10559,Joseph Noteboom
828,10559,Matt Pryor
854,10559,Travin Howard
908,10559,L.J. Collier
929,10559,Ben Banogu
1111,10559,Ty Summers
1160,10559,Jalen Reagor
1170,10559,Jeff Gladney
1180,10559,Ross Blacklock
1237,10559,Lucas Niang
1381,10559,Vernon Scott
123,11347,William Jackson III
318,11347,Elandon Roberts
334,11347,Demarcus Ayers
406,11347,Tyus Bowser
487,11347,Howard Wilson
570,11347,Brandon Wilson
844,11347,Matthew Adams
888,11347,Ed Oliver
1011,11347,Isaiah Johnson
1084,11347,Emeke Egbule
1213,11347,Josh Jones
124,11437,Artie Burns
226,11437,Deon Bush
387,11437,David Njoku
474,11437,Rayshawn Jenkins
514,11437,Corn Elder
542,11437,Danny Isidora
559,11437,Al-Quadin Muhammad
578,11437,Brad Kaaya
583,11437,Stacy Coley
593,11437,Adrian Colbert
604,11437,Marquez Williams
686,11437,Chad Thomas
727,11437,Chris Herndon
732,11437,Mark Walton
760,11437,R.J. McIntosh
832,11437,Braxton Berrios
865,11437,Kendrick Norton
1001,11437,Sheldrick Redwine
1041,11437,Michael Jackson
1048,11437,Joe Jackson
1065,11437,Jaquan Johnson
1088,11437,Travis Homer
1282,11437,Shaquille Quarterman
1286,11437,DeeJay Dallas
1319,11437,K.J. Osborn
1387,11437,Jonathan Garvin
125,11435,Paxton Lynch
515,11435,Jake Elliott
669,11435,Anthony Miller
771,11435,Genard Avery
951,11435,Darrell Henderson
1010,11435,Tony Pollard
1207,11435,Antonio Gibson
1368,11435,Chris Claybrooks
1375,11435,Dustin Woodard
126,11230,Kenny Clark
136,11230,Myles Jack
251,11230,Caleb Benenoch
252,11230,Paul Perkins
257,11230,Jordan Payton
327,11230,Aaron Wallace
336,11230,Thomas Duarte
343,11230,Devin Fuller
384,11230,Takkarist McKinley
441,11230,Fabian Moreau
448,11230,Eddie Vanderdoes
517,11230,Jayon Brown
574,11230,Conor McDermott
627,11230,Josh Rosen
632,11230,Kolton Miller
742,11230,Kenny Young
776,11230,Scott Quessenberry
783,11230,Jordan Lasley
1139,11230,Caleb Wilson
1232,11230,Devin Asiasi
1252,11230,Darnay Holmes
1254,11230,Joshua Kelley
127,10107,Joshua Garnett
182,10107,Austin Hooper
233,10107,Blake Martinez
265,10107,Kevin Hogan
304,10107,Kyle Murphy
361,10107,Solomon Thomas
366,10107,Christian McCaffrey
687,10107,Justin Reid
715,10107,Harrison Phillips
757,10107,Dalton Schultz
836,10107,Peter Kalambayi
937,10107,JJ Arcega-Whiteside
970,10107,Bobby Okereke
994,10107,Bryce Love
1046,10107,Jake Bailey
1060,10107,Kaden Smith
1275,10107,Colby Parkinson
1378,10107,Casey Toohill
129,6256,Vernon Butler
236,6256,Kenneth Dixon
311,6256,Jeff Driskel
442,6256,Carlos Henderson
539,6256,Trent Taylor
554,6256,Xavier Woods
823,6256,Boston Scott
966,6256,Jaylon Ferguson
1280,6256,L'Jarius Sneed
1281,6256,Amik Robertson
130,10551,Germain Ifedi
193,10551,Brandon Williams
283,10551,Drew Kaser
359,10551,Myles Garrett
409,10551,Justin Evans
437,10551,Daeshon Hall
478,10551,Josh Reynolds
521,10551,Jermaine Eluemunor
665,10551,Christian Kirk
744,10551,Armani Watts
797,10551,Damion Ratley
928,10551,Erik McCoy
956,10551,Jace Sternberger
1033,10551,Kingsley Keke
1043,10551,Daylon Mack
1066,10551,Trayveon Williams
1097,10551,Donovan Wilson
1105,10551,Cullen Gillaspia
1212,10551,Justin Madubuike
1335,10551,Braden Mann
132,8002,Emmanuel Ogbah
557,8002,Vincent Taylor
613,8002,Chris Carson
678,8002,James Washington
695,8002,Mason Rudolph
767,8002,Tre Flowers
851,8002,Marcell Ateman
995,8002,Justice Hill
1138,8002,Jordan Brailford
135,11186,Hunter Henry
259,11186,Jonathan Williams
274,11186,Alex Collins
297,11186,Sebastian Tretola
305,11186,Brandon Allen
492,11186,Deatrich Wise Jr.
516,11186,Jeremy Sprinkle
568,11186,Jeremiah Ledbetter
637,11186,Frank Ragnow
849,11186,David Williams
1000,11186,Hjalte Froholdt
1031,11186,Dre Greenlaw
1074,11186,Armon Watts
1236,11186,McTelvin Agim
1361,11186,Kamren Curl
137,7049,Chris Jones
169,7049,Will Redmond
237,7049,Dak Prescott
573,7049,Justin Senior
699,7049,Martinas Rankin
833,7049,Jordan Thomas
862,7049,Hunter Bradley
870,7049,Logan Cooke
898,7049,Jeffery Simmons
905,7049,Montez Sweat
906,7049,Johnathan Abram
924,7049,Elgton Jenkins
1083,7049,Gerri Green
1203,7049,Willie Gay Jr.
1230,7049,Cameron Dantzler
1247,7049,Tyre Phillips
1385,7049,Tommy Stevens
1394,7049,Brian Cole II
139,11082,Noah Spence
140,11514,Sterling Shepard
203,11514,Charles Tapper
244,11514,Zack Sanchez
287,11514,Devante Bond
407,11514,Joe Mixon
471,11514,Dede Westbrook
475,11514,Samaje Perine
556,11514,Jordan Evans
618,11514,Baker Mayfield
702,11514,Orlando Brown Jr.
705,11514,Mark Andrews
781,11514,Ogbonnia Okoronkwo
880,11514,Kyler Murray
904,11514,Marquise Brown
918,11514,Cody Ford
978,11514,Bobby Evans
996,11514,Dru Samia
1005,11514,Ben Powers
1053,11514,Austin Seibert
1095,11514,Rodney Anderson
1156,11514,CeeDee Lamb
1162,11514,Kenneth Murray
1193,11514,Jalen Hurts
1223,11514,Neville Gallimore
142,1414,Kamalei Correa
172,1414,Darian Thompson
198,1414,Rees Odhiambo
524,1414,Jeremy McNichols
558,1414,Tanner Vallejo
636,1414,Leighton Vander Esch
830,1414,Cedrick Wilson Jr.
983,1414,Alexander Mattison
1198,1414,Ezra Cleveland
1307,1414,Curtis Weaver
1311,1414,John Hightower
143,8420,Austin Johnson
151,8420,Christian Hackenberg
166,8420,Carl Nassib
306,8420,Anthony Zettel
308,8420,Jordan Lucas
444,8420,Chris Godwin
619,8420,Saquon Barkley
660,8420,Mike Gesicki
729,8420,Troy Apke
733,8420,DaeSean Hamilton
769,8420,Marcus Allen
804,8420,Christian Campbell
933,8420,Miles Sanders
971,8420,Connor McGovern
1020,8420,Shareef Miller
1029,8420,Amani Oruwariye
1081,8420,Trace McSorley
1128,8420,Nick Scott
1178,8420,Yetur Gross-Matos
1186,8420,KJ Hamler
1283,8420,John Reid
1327,8420,Cam Brown
1337,8420,Robert Windsor
144,11357,Jihad Ward
325,11357,Ted Karras
350,11357,Clayton Fejedelem
428,11357,Dawuane Smoot
1101,11357,Nick Allegretti
1217,11357,Ke'Shawn Vaughn
148,5215,Jason Spriggs
253,5215,Jordan Howard
291,5215,Nate Sudfeld
431,5215,Dan Feeney
721,5215,Ian Thomas
815,5215,Chris Covington
1013,5215,Wes Martin
1353,5215,Simon Stepaniak
152,6245,Deion Jones
225,6245,Jerald Hawkins
235,6245,Rashard Robinson
338,6245,Jalen Mills
339,6245,Vadal Alexander
362,6245,Leonard Fournette
364,6245,Jamal Adams
385,6245,Tre'Davious White
417,6245,Ethan Pocic
435,6245,Duke Riley
467,6245,Kendell Beckwith
540,6245,Davon Godchaux
611,6245,Malachi Dupre
673,6245,Donte Jackson
677,6245,Derrius Guice
679,6245,DJ Chark
706,6245,Arden Key
816,6245,Russell Gage
842,6245,Danny Etling
868,6245,Will Clapp
884,6245,Devin White
926,6245,Greedy Williams
1019,6245,Foster Moreau
1140,6245,Joe Burrow
1159,6245,K'Lavon Chaisson
1161,6245,Justin Jefferson
1167,6245,Patrick Queen
1171,6245,Clyde Edwards-Helaire
1184,6245,Grant Delpit
1201,6245,Kristian Fulton
1210,6245,Damien Lewis
1224,6245,Lloyd Cushenberry III
1238,6245,Jacob Phillips
1250,6245,Saahdiq Charles
1273,6245,Rashard Lawrence
1329,6245,Blake Ferguson
1396,6245,Stephen Sullivan
153,11674,Su'a Cravens
167,11674,Max Tuerk
194,11674,Cody Kessler
219,11674,Pharoh Cooper
261,11674,Brandon Shell
288,11674,Jerell Adams
322,11674,Kevon Seymour
376,11674,Adoree' Jackson
421,11674,JuJu Smith-Schuster
498,11674,Zach Banner
581,11674,Leon McQuay
587,11674,Stevie Tu'ikolovatu
620,11674,Sam Darnold
642,11674,Hayden Hurst
656,11674,Ronald Jones II
666,11674,Uchenna Nwosu
698,11674,Rasheem Green
916,11674,Deebo Samuel
973,11674,Chuma Edoga
1009,11674,Iman Marshall
1027,11674,Marvell Tell III
1045,11674,Cameron Smith
1085,11674,Rashad Fenton
1096,11674,Dennis Daley
1153,11674,Javon Kinlaw
1157,11674,Austin Jackson
1174,11674,Michael Pittman Jr.
1222,11674,Bryan Edwards
1259,11674,D.J. Wonnum
1383,11674,T.J. Brunson
155,11615,Tyler Boyd
465,11615,James Conner
476,11615,Dorian Johnson
533,11615,Nathan Peterman
563,11615,Adam Bisnowaty
598,11615,Ejuan Price
680,11615,Brian O'Neill
737,11615,Jordan Whitehead
745,11615,Avonte Maddox
1035,11615,Qadree Ollison
1384,11615,Dane Jackson
156,5655,Cody Whitehair
433,5655,Jordan Willis
596,5655,Elijah Lee
763,5655,D.J. Reed
921,5655,Dalton Risner
1089,5655,Duke Shelley
158,11423,Sean Davis
170,11423,Yannick Ngakoue
250,11423,Quinton Jefferson
641,11423,D.J. Moore
782,11423,Jermaine Carter Jr.
900,11423,Darnell Savage Jr.
1042,11423,Byron Cowart
1070,11423,Ty Johnson
1104,11423,Derwin Gray
1266,11423,Anthony McFarland Jr.
1342,11423,Antoine Brooks Jr.
162,9506,James Bradberry
163,4277,Adam Gotsis
282,4277,D.J. White
597,4277,Harrison Butker
1350,4277,Tyler Davis
165,6939,Kevin Byard
863,6939,Richie James
168,11472,Maliek Collins
197,11472,Vincent Valentine
232,11472,Alex Lewis
280,11472,Andy Janovich
546,11472,Nathan Gerry
825,11472,Tanner Lee
1338,11472,Khalil Davis
1377,11472,Carlos Davis
171,1468,Bronson Kaufusi
495,1468,Jamaal Williams
689,1468,Fred Warner
961,1468,Sione Takitaki
177,893,Shon Coleman
216,893,Ricardo Louis
300,893,Blake Countess
453,893,Montravius Adams
477,893,Carl Lawson
571,893,Rudy Ford
599,893,Joshua Holsey
655,893,Braden Smith
661,893,Kerryon Johnson
681,893,Carlton Davis
788,893,Daniel Carlson
975,893,Jamel Dean
1015,893,Jarrett Stidham
1054,893,Darius Slayton
1094,893,Deshaun Davis
1118,893,Chandler Cox
1120,893,Dontavius Russell
1146,893,Derrick Brown
1169,893,Noah Igbinoghene
1187,893,Marlon Davidson
1287,893,Jack Driscoll
1300,893,Daniel Thomas
1354,893,Prince Tega Wanogho
179,7692,Joe Thuney
192,7692,Jacoby Brissett
220,7692,Juston Burris
420,7692,Josh Jones
609,7692,Jack Tocho
616,7692,Matthew Dayes
622,7692,Bradley Chubb
688,7692,B.J. Hill
703,7692,Justin Jones
724,7692,Nyheim Hines
748,7692,Kentavius Street
749,7692,Will Richardson
786,7692,Jaylen Samuels
897,7692,Garrett Bradbury
953,7692,Germaine Pratt
986,7692,Ryan Finley
1090,7692,Kelvin Harmon
1317,7692,Larrell Murchison
1374,7692,James Smith-Williams
180,8055,Isaac Seumalo
497,8055,Sean Harlow
531,8055,Treston Decoud
1333,8055,Jake Luton
1347,8055,Blake Brandel
1351,8055,Isaiah Hodgins
183,10578,Le'Raven Clark
246,10578,DeAndre Washington
290,10578,Jakeem Grant
368,10578,Patrick Mahomes
723,10578,Keke Coutee
813,10578,Dylan Cantrell
1136,10578,Dakota Allen
1166,10578,Jordyn Brooks
1313,10578,Broderick Washington Jr.
185,12006,Kendall Fuller
307,12006,Dadi Nicolas
549,12006,Chuck Clark
564,12006,Bucky Hodges
569,12006,Sam Rogers
601,12006,Isaiah Ford
633,12006,Tremaine Edmunds
645,12006,Terrell Edmunds
784,12006,Tim Settle
787,12006,Wyatt Teller
864,12006,Greg Stroman
1242,12006,Dalton Keene
187,9080,Leonte Carroo
670,9080,Kemoko Turay
817,9080,Sebastian Joseph
1061,9080,Saquan Hampton
1080,9080,Blessuan Austin
188,11826,Nick Vigil
189,11826,Kyler Fackrell
602,11826,Devante Mays
1098,11826,Darwin Thompson
1165,11826,Jordan Love
190,9809,Javon Hargrave
281,9809,Temarrick Hemingway
654,9809,Darius Leonard
196,11438,Graham Glasgow
234,11438,Willie Henry
295,11438,Jake Rudock
383,11438,Jabrill Peppers
386,11438,Taco Charlton
434,11438,Chris Wormley
452,11438,Jourdan Lewis
455,11438,Lano Hill
466,11438,Amara Darboh
481,11438,Ben Gedeon
499,11438,Ryan Glasgow
500,11438,Jehu Chesson
507,11438,Jake Butt
560,11438,Jeremy Clark
716,11438,Mason Cole
761,11438,Maurice Hurst Jr.
889,11438,Devin Bush Jr.
891,11438,Rashan Gary
958,11438,Chase Winovich
960,11438,David Long
1024,11438,Zach Gentry
1163,11438,Cesar Ruiz
1200,11438,Josh Uche
1285,11438,Ben Bredeson
1305,11438,Khaleke Hudson
1320,11438,Michael Danna
1326,11438,Michael Onwenu
1331,11438,Donovan Peoples-Jones
1336,11438,Jon Runyan
1349,11438,Josh Metellus
1357,11438,Jordan Glasgow
199,1430,Justin Simmons
337,1430,Steven Daniels
451,1430,John Johnson
525,1430,Matt Milano
659,1430,Harold Landry
718,1430,Isaac Yiadom
811,1430,Kamrin Moore
893,1430,Chris Lindstrom
946,1430,Zach Allen
962,1430,Will Harris
1113,1430,Tommy Sweeney
1202,1430,AJ Dillon
201,11758,Joe Schobert
302,11758,Derek Watt
388,11758,T.J. Watt
390,11758,Ryan Ramczyk
469,11758,Vince Biegel
730,11758,Nick Nelson
777,11758,Troy Fumagalli
785,11758,Natrell Jamerson
824,11758,Jack Cichy
853,11758,Leon Jacobs
959,11758,Michael Deiter
1026,11758,Ryan Connelly
1034,11758,Andrew Van Ginkel
1052,11758,David Edwards
1181,11758,Jonathan Taylor
1215,11758,Zack Baun
1288,11758,Tyler Biadasz
1309,11758,Quintez Cephus
206,10498,Tavon Young
255,10498,Matthew Ioannidis
351,10498,Tyler Matakevich
371,10498,Haason Reddick
422,10498,Dion Dawkins
520,10498,Nate Hairston
808,10498,Jacob Martin
846,10498,Jullian Taylor
914,10498,Rock Ya-Sin
1023,10498,Ryquell Armstead
1134,10498,Michael Dogbe
1219,10498,Matt Hennessy
1312,10498,Harrison Hand
1340,10498,Shaun Bradley
1386,10498,Chapelle Russell
207,11265,Parker Ehinger
209,11265,Chris Moore
550,11265,Michael Tyson
877,11265,Korey Cunningham
1127,11265,Cortez Broughton
1235,11265,Josiah Deguara
208,11445,Eric Murray
217,11445,De'Vondre Campbell
586,11445,Jalen Myrick
1040,11445,Blake Cashman
1185,11445,Antoine Winfield Jr.
1304,11445,Tyler Johnson
1318,11445,Kamal Martin
1363,11445,Carter Coughlin
1392,11445,Chris Williamson
210,7690,Ryan Smith
212,12305,Tyler Higbee
328,12305,Brandon Doughty
354,12305,Prince Charles Iworah
397,12305,Forrest Lamp
432,12305,Taywan Taylor
735,12305,Joel Iyiegbuniwe
792,12305,Mike White
213,9951,Miles Killebrew
260,9951,LeShaun Sims
218,10802,Hassan Ridgeway
449,10802,D'Onta Foreman
668,10802,Connor Williams
697,10802,Malik Jefferson
770,10802,Michael Dickson
812,10802,DeShon Elliott
1044,10802,Charles Omenihu
1102,10802,Kris Boyd
1211,10802,Brandon Jones
1229,10802,Jordan Elliott
1233,10802,Devin Duvernay
1308,10802,Collin Johnson
221,9535,Tyler Ervin
299,9535,Wes Schweitzer
845,9535,Jermaine Kelly
950,9535,Josh Oliver
222,11414,David Onyemata
229,11508,Deiondre' Hall
780,11508,Daurice Fountain
230,11453,Evan Boehm
247,11453,Connor McGovern
263,11453,Kentrell Brothers
380,11453,Charles Harris
753,11453,J'Mon Moore
922,11453,Drew Lock
1100,11453,Terry Beckner
1260,11453,Albert Okwuegbunam
238,11736,Devontae Booker
378,11736,Garett Bolles
401,11736,Marcus Williams
482,11736,Joe Williams
526,11736,Isaac Asiata
535,11736,Brian Allen
538,11736,JJ Dielman
553,11736,Sam Tevi
565,11736,Pita Taumoepenu
803,11736,Kylie Fitts
927,11736,Marquise Blair
969,11736,Cody Barton
992,11736,Mitch Wishnowsky
1028,11736,Matt Gay
1125,11736,Jackson Barton
1190,11736,Jaylon Johnson
1226,11736,Julian Blackmon
1227,11736,Zack Moss
1245,11736,Terrell Burgess
1256,11736,Leki Fotu
1322,11736,Bradlee Anae
1341,11736,John Penisini
239,7837,Dean Lowry
301,7837,Danny Vitale
523,7837,Anthony Walker
584,7837,Ifeadi Odenigbo
874,7837,Justin Jackson
1050,7837,Clayton Thorson
240,8606,Seth Devalve
243,11429,Tajae Sharpe
942,11429,Andy Isabella
1355,11429,Isaiah Rodgers
245,739,Ronald Blair
835,739,Colby Gossett
1234,739,Darrynton Evans
1249,739,Akeem Davis-Gaither
249,4359,Matt Judon
254,12205,Joe Dahl
585,12205,Shalom Luani
759,12205,Cole Madison
821,12205,Luke Falk
901,12205,Andre Dillard
1062,12205,Gardner Minshew II
1356,12205,Dezmon Patmon
264,783,Christian Westerman
330,783,Devin Lucien
588,783,Zane Gonzalez
751,783,Kalen Ballage
800,783,Christian Sam
805,783,Sam Jones
911,783,N'Keal Harry
1007,783,Renell Wren
1164,783,Brandon Aiyuk
1367,783,Eno Benjamin
272,4286,Antwione Williams
545,4286,Ukeme Eligwe
1306,4286,Kindle Vildor
1332,4286,Tyler Bass
273,4659,Cole Toner
275,2676,Rashard Higgins
298,2676,Cory James
700,2676,Michael Gallup
1132,2676,Olabisi Johnson
278,10770,Jatavis Brown
1091,10770,Ulysees Gilbert
285,10784,Tyrone Holmes
286,16381,Keenan Reynolds
1391,16381,Malcolm Perry
289,2643,DeAndre Houston-Carson
292,10804,David Morgan
631,10804,Marcus Davenport
293,8651,Anthony Brown
537,8651,DeAngelo Yancey
764,8651,Ja'Whaun Bentley
1278,8651,Brycen Hopkins
1360,8651,Markus Bailey
294,11374,Josh Forrest
886,11374,Josh Allen
934,11374,Lonnie Johnson Jr.
980,11374,Mike Edwards
1004,11374,Benny Snell Jr.
1117,11374,George Asafo-Adjei
1221,11374,Lynn Bowden Jr.
1263,11374,Logan Stenberg
309,9881,Harlan Miller
310,11690,Mike Thomas
358,11690,Kalan Reed
714,11690,Tarvarius Moore
746,11690,Ito Smith
831,11690,Cornell Armstrong
1344,11690,Quez Watkins
312,3442,Kamu Grugier-Hill
313,11746,Maurice Canady
768,11746,Micah Kiser
779,11746,Andrew Brown
943,11746,Juan Thornhill
1082,11746,Tim Harris
1294,11746,Joe Reed
1301,11746,Bryce Hall
316,2298,Kavon Frazier
778,2298,Tyler Conklin
919,2298,Sean Murphy-Bunting
1079,2298,Xavier Crawford
320,3449,Darius Jackson
614,3449,Pat O'Connor
988,3449,Maxx Crosby
323,11185,Will Parks
355,11185,Scooby Wright III
773,11185,Dane Cruikshank
1114,11185,P.J. Johnson
324,11751,Travis Feeney
341,11751,Dwayne Washington
367,11751,John Ross
392,11751,Kevin King
395,11751,Budda Baker
402,11751,Sidney Jones
577,11751,Elijah Qualls
629,11751,Vita Vea
662,11751,Dante Pettis
740,11751,Will Dissly
838,11751,Azeem Victor
839,11751,Keishawn Bierria
910,11751,Kaleb McGary
913,11751,Byron Murphy
932,11751,Drew Sample
941,11751,Taylor Rapp
1016,11751,Greg Gaines
1025,11751,Ben Burr-Kirven
1055,11751,Jordan Miller
1119,11751,Myles Gaskin
1264,11751,Jacob Eason
1303,11751,Nick Harris
331,11256,Jonathan Woodard
818,11256,Tremon Smith
332,11915,Stephen Weatherly
416,11915,Zach Cunningham
519,11915,Will Holden
707,11915,Oren Burks
925,11915,Joejuan Williams
1067,11915,Justin Skule
333,10253,Riley Dixon
858,10253,Zaire Franklin
1130,10253,Chris Slayton
1291,10253,Alton Robinson
1373,10253,Sterling Hofrichter
340,9504,Lac Edwards
675,9504,P.J. Hall
353,11362,Austin Blythe
464,11362,C.J. Beathard
470,11362,Jaleel Johnson
508,11362,George Kittle
513,11362,Desmond King
657,11362,James Daniels
663,11362,Josh Jackson
726,11362,Josey Jewell
887,11362,T.J. Hockenson
899,11362,Noah Fant
989,11362,Anthony Nelson
998,11362,Amani Hooker
1152,11362,Tristan Wirfs
1194,11362,A.J. Epenesa
1218,11362,Michael Ojemudia
1364,11362,Geno Stone
1389,11362,Nate Stanley
357,7096,Beau Sandland
360,11497,Mitchell Trubisky
462,11497,Nazair Jones
479,11497,Mack Hollins
494,11497,Ryan Switzer
541,11497,T.J. Logan
606,11497,Elijah Hood
671,11497,M.J. Stewart
857,11497,Andre Smith
878,11497,Austin Proehl
1056,11497,Cole Holcomb
1268,11497,Charlie Heck
1297,11497,Jason Strowbridge
372,11713,Derek Barnett
427,11713,Alvin Kamara
454,11713,Cameron Sutton
485,11713,Jalen Reeves-Maybin
489,11713,Josh Malone
496,11713,Joshua Dobbs
704,11713,Rashaan Gaulden
798,11713,John Kelly
820,11713,Kahlil McKenzie
1188,11713,Darrell Taylor
1362,11713,Jauan Jennings
396,3416,Zay Jones
403,11671,Gerald Everett
415,2286,Obi Melifonwu
802,2286,Folorunso Fatukasi
1240,2286,Matt Peart
419,11269,Chidobe Awuzie
426,11269,Ahkello Witherspoon
472,11269,Tedric Thompson
610,11269,Jordan Carrell
676,11269,Isaiah Oliver
1071,11269,Juwann Winfree
1182,11269,Laviska Shenault Jr.
1244,11269,Davion Taylor
1371,11269,Arlington Hambright
425,11496,Larry Ogunjobi
963,11496,Nate Davis
1243,11496,Alex Highsmith
1271,11496,Cameron Clark
429,3461,Cooper Kupp
486,3461,Samson Ebukam
440,7979,Tarell Basham
510,7979,Blair Brown
850,7979,Quentin Poling
443,12554,Derek Rivers
529,12554,Avery Moss
445,10974,Antonio Garcia
446,11717,Kareem Hunt
488,11717,Michael Roberts
608,11717,Treyvon Hester
872,11717,Logan Woodside
947,11717,Diontae Johnson
1069,11717,Ka'dar Hollman
450,11257,Shaquill Griffin
647,11257,Mike Hughes
710,11257,Tre'Quan Smith
717,11257,Jordan Akins
762,11257,Shaquem Griffin
938,11257,Trysten Hill
1270,11257,Gabriel Davis
456,7777,Kenny Golladay
935,7777,Max Scharping
1059,7777,Sutton Smith
458,4355,Chad Williams
460,4015,Jonnu Smith
843,4015,Alex McGough
1267,4015,James Morgan
1366,4015,Stantley Thomas-Oliver
461,5993,Brendan Langley
463,3990,Trey Hendrickson
955,3990,Devin Singletary
1107,3990,Kerrith Whyte Jr
1257,3990,Harrison Bryant
480,7689,Tarik Cohen
684,7689,Brandon Parker
1110,7689,Darryl Johnson
483,9521,Nico Siragusa
493,9521,Donnel Pumphrey
511,9521,Damontae Kazee
644,9521,Rashaad Penny
860,9521,Nick Bawden
967,9521,Kahale Warring
1299,9521,Keith Ismael
491,1582,Julie'n Davenport
504,11684,Marlon Mack
532,11684,Rodney Adams
575,11684,Kofi Amichia
709,11684,Deadrin Senat
795,11684,Marquez Valdes-Scantling
518,11779,Brian Hill
562,11779,Chase Roullier
624,11779,Josh Allen
1075,11779,Marcus Epps
1206,11779,Logan Wilson
1348,11779,Cassh Maluia
527,11654,Jamal Agnew
530,12163,Marquel Lee
672,12163,Jessie Bates III
799,12163,Duke Ejiofor
1006,12163,Phil Haynes
1321,12163,Justin Strnad
1339,12163,Justin Herron
536,3280,Eric Saubert
544,11715,Aaron Jones
652,11715,Will Hernandez
551,11399,Elijah McGuire
701,11399,Tracy Walker
810,11399,Simeon Thomas
1179,11399,Robert Hunt
1277,11399,Kevin Dotson
1390,11399,Raymond Calais
552,10986,Tanzel Smart
801,10986,Parry Nickerson
840,10986,Ade Aruna
1106,10986,Donnie Lewis Jr.
1316,10986,Darnell Mooney
1382,10986,Thakarius Keyes
566,2560,De'Angelo Henderson
572,4288,Robert Davis
580,10793,Corey Levin
595,468,Jylan Ware
902,468,Tytus Howard
615,11162,Mason Schreck
651,11481,Austin Corbett
658,9934,Courtland Sutton
867,9934,Justin Lawler
879,9934,Trey Quinn
1345,9934,James Proche
667,9819,Dallas Goedert
1108,9819,Jordan Brown
736,11369,Dorance Armstrong Jr.
1324,11369,Hakeem Adeniji
741,12234,Taron Johnson
752,7615,Jaleel Scott
1315,7615,Jason Huntley
755,10145,John Franklin-Myers
765,11536,Justin Watson
766,11293,Bilal Nichols
940,11293,Nasir Adderley
775,5483,Siran Neal
822,12510,Foyesade Oluokun
834,12162,Greg Senat
852,10786,Jason Sanders
866,12296,Keion Crossen
871,9863,Kendall Donnerson
1073,9863,Drew Forbes
885,3292,Daniel Jones
954,5388,David Montgomery
985,5388,Hakeem Butler
965,12302,Khalen Saunders
976,8011,Oshane Ximines
1068,8011,Travis Fulgham
979,7214,Quincy Williams
1047,10456,E.J. Speed
1058,2032,KeeSean Johnson
1261,2032,Mykal Walker
1325,2032,Netane Muti
1077,3542,Oli Udoh
1092,1436,Scott Miller
1112,5491,Jimmy Moreland
1376,5491,Ben DiNucci
1115,8585,Quinton Bell
1129,11355,Kaden Elliss
1133,7134,Joshua Miles
1135,11092,Austin Cutting
1204,9927,Jeremy Chinn
1246,11291,Adam Trautman
1258,28760,Ben Bartch
1265,11728,Reggie Robinson II
1298,11728,Trevis Gipson
1284,6128,Antonio Gandy-Golden
1292,1165,Danny Pinter
1302,6684,Justin Rohrwasser
1388,6684,Chris Jackson
1314,11639,Isaiah Coulter
1372,10507,Lachavious Simmons
1393,6897,Sam Sloman
